Importance,Attribute
0.04058619585148429,Age
0.007984563261821741,Gender
0.016393675548564825,Location
0.019162344496092002,GameGenre
0.055764252438192635,PlayTimeHours
0.00626327795430719,InGamePurchases
0.012897159908086065,GameDifficulty
0.43942817536263995,SessionsPerWeek
0.2942330858445836,AvgSessionDurationMinutes
0.05610381724282045,PlayerLevel
0.05118345209140734,AchievementsUnlocked
