Importance,Attribute
0.12669119682225885,Age
0.025410770239692584,Gender
0.05355161716731682,Location
0.1682265696774188,PlayTimeHours
0.016995641733066766,InGamePurchases
0.03950565442070233,GameDifficulty
0.10803779210252107,SessionsPerWeek
0.1508144752547872,AvgSessionDurationMinutes
0.147508135761905,PlayerLevel
0.13716254087347224,AchievementsUnlocked
0.026095605946858304,EngagementLevel
